,Aroma,Appearance,Flavor,Mouthfeel,Overall
0,0.14288806551774957,0.08754339779580911,0.08344499423901097,0.07989490129500137,0.103009245472098
2,0.3877977204175626,0.30283545242682247,0.38798294480740053,0.37222999413344493,0.37569043011550285
1,0.7728955303412385,0.5855739752025334,0.772132711777316,0.7202701062592373,0.7606727835489058
